war_id,war_name,war_type,state_code,state_name,side,start_year1,start_month1,start_day1,end_year1,end_month1,end_day1,start_year2,start_month2,start_day2,end_year2,end_month2,end_day2,previous_war,initiation,combat_location,combat_fatalities,outcome,next_war
1,Franco-Spanish War,1,230,Spain,2,1823,4,7,1823,11,13,-8,-8,-8,-8,-8,-8,503,2,2,600,2,-8
1,Franco-Spanish War,1,220,France,1,1823,4,7,1823,11,13,-8,-8,-8,-8,-8,-8,503,1,2,400,1,-8
4,First Russo-Turkish,1,640,Ottoman Empire,2,1828,4,26,1829,9,14,-8,-8,-8,-8,-8,-8,506,2,11,80000,2,-8
4,First Russo-Turkish,1,365,Russia,1,1828,4,26,1829,9,14,-8,-8,-8,-8,-8,-8,506,1,11,50000,1,-8
7,Mexican-American,1,70,Mexico,2,1846,4,25,1847,9,14,-8,-8,-8,-8,-8,-8,-8,2,1,6000,2,-8
7,Mexican-American,1,2,United States of America,1,1846,4,25,1847,9,14,-8,-8,-8,-8,-8,-8,-8,1,1,13283,1,-8
10,Austro-Sardinian,1,337,Tuscany,2,1848,3,29,1848,8,9,-8,-8,-8,-8,-8,-8,-8,2,2,100,2,-8
10,Austro-Sardinian,1,325,Italy,2,1848,3,24,1848,8,9,1849,3,12,1849,3,30,551,1,2,3400,2,-8
10,Austro-Sardinian,1,300,Austria,1,1848,3,24,1848,8,9,1849,3,12,1849,3,30,551,2,2,3927,1,-8
10,Austro-Sardinian,1,332,Modena,2,1848,4,9,1848,8,9,-8,-8,-8,-8,-8,-8,-8,2,2,100,2,-8
13,First Schleswig-Holstein,1,255,Prussia,1,1848,4,10,1848,8,26,1849,3,25,1849,7,10,-8,1,2,2500,1,-8
13,First Schleswig-Holstein,1,390,Denmark,2,1848,4,10,1848,8,26,1849,3,25,1849,7,10,-8,2,2,3500,2,-8
16,Roman Republic,1,220,France,1,1849,4,30,1849,7,2,-8,-8,-8,-8,-8,-8,-8,1,2,1000,1,-8
16,Roman Republic,1,329,Two Sicilies,1,1849,5,8,1849,7,2,-8,-8,-8,-8,-8,-8,-8,2,2,100,1,-8
16,Roman Republic,1,300,Austria,1,1849,5,8,1849,7,2,-8,-8,-8,-8,-8,-8,-8,2,2,100,1,-8
16,Roman Republic,1,327,Papal States,2,1849,4,30,1849,7,2,-8,-8,-8,-8,-8,-8,-8,2,2,1400,2,-8
19,La Plata,1,160,Argentina,2,1851,7,19,1852,2,3,-8,-8,-8,-8,-8,-8,327,2,1,800,2,-8
19,La Plata,1,140,Brazil,1,1851,7,19,1852,2,3,-8,-8,-8,-8,-8,-8,327,1,1,500,1,-8
22,Crimean,1,640,Turkey,1,1853,10,23,1856,3,1,-8,-8,-8,-8,-8,-8,-8,1,2,45000,1,-8
22,Crimean,1,325,Italy,1,1855,1,10,1856,3,1,-8,-8,-8,-8,-8,-8,-8,2,2,2200,1,-8
22,Crimean,1,220,France,1,1854,3,31,1856,3,1,-8,-8,-8,-8,-8,-8,-8,2,2,95000,1,-8
22,Crimean,1,200,United Kingdom,1,1854,3,31,1856,3,1,-8,-8,-8,-8,-8,-8,-8,2,2,22000,1,-8
22,Crimean,1,365,Russia,2,1853,10,23,1856,3,1,-8,-8,-8,-8,-8,-8,-8,2,2,100000,2,-8
25,Anglo-Persian,1,200,United Kingdom,1,1856,10,25,1857,4,5,-8,-8,-8,-8,-8,-8,-8,1,6,500,1,-8
25,Anglo-Persian,1,630,Iran,2,1856,10,25,1857,4,5,-8,-8,-8,-8,-8,-8,-8,2,6,1500,2,-8
28,Italian Unification,1,325,Sardinia/Piedmont,1,1859,4,29,1859,7,12,-8,-8,-8,-8,-8,-8,-8,2,2,2500,1,-8
28,Italian Unification,1,300,Austria,2,1859,4,29,1859,7,12,-8,-8,-8,-8,-8,-8,-8,1,2,12500,2,-8
28,Italian Unification,1,220,France,1,1859,5,3,1859,7,12,-8,-8,-8,-8,-8,-8,-8,2,2,7500,1,-8
31,First Spanish-Moroccan,1,600,Morocco,2,1859,10,22,1860,3,25,-8,-8,-8,-8,-8,-8,-8,2,6,6000,2,-8
31,First Spanish-Moroccan,1,230,Spain,1,1859,10,22,1860,3,25,-8,-8,-8,-8,-8,-8,-8,1,6,4000,1,-8
34,Italian-Roman,1,325,Sardinia/Piedmont,1,1860,9,11,1860,9,29,-8,-8,-8,-8,-8,-8,-8,1,2,300,1,-8
34,Italian-Roman,1,327,Papal States,2,1860,9,11,1860,9,29,-8,-8,-8,-8,-8,-8,-8,2,2,700,2,-8
37,Neapolitan,1,329,Two Sicilies,2,1860,10,15,1861,2,13,-8,-8,-8,-8,-8,-8,352,2,2,400,2,-8
37,Neapolitan,1,325,Sardinia/Piedmont,1,1860,10,15,1861,2,13,-8,-8,-8,-8,-8,-8,352,1,2,600,1,-8
40,Franco-Mexican,1,70,Mexico,1,1862,4,16,1867,2,5,-8,-8,-8,-8,-8,-8,557,2,1,12000,4,587
40,Franco-Mexican,1,220,France,2,1862,4,16,1867,2,5,-8,-8,-8,-8,-8,-8,557,1,1,8000,4,587
43,Ecuadorian-Colombian,1,100,Colombia,1,1863,11,22,1863,12,6,-8,-8,-8,-8,-8,-8,-8,1,1,300,1,-8
43,Ecuadorian-Colombian,1,130,Ecuador,2,1863,11,22,1863,12,6,-8,-8,-8,-8,-8,-8,-8,2,1,700,2,-8
46,Second Schleswig-Holstein,1,255,Germany,1,1864,2,1,1864,4,25,1864,6,25,1864,7,20,-8,1,2,1048,1,-8
46,Second Schleswig-Holstein,1,390,Denmark,2,1864,2,1,1864,4,25,1864,6,25,1864,7,20,-8,2,2,2933,2,-8
46,Second Schleswig-Holstein,1,300,Austria,1,1864,2,1,1864,4,25,1864,6,25,1864,7,20,-8,2,2,500,1,-8
49,Lopez,1,160,Argentina,1,1865,3,5,1870,3,1,-8,-8,-8,-8,-8,-8,-8,2,1,10000,1,-8
49,Lopez,1,150,Paraguay,2,1864,11,12,1870,3,1,-8,-8,-8,-8,-8,-8,-8,1,1,200000,2,-8
49,Lopez,1,140,Brazil,1,1864,11,12,1870,3,1,-8,-8,-8,-8,-8,-8,-8,2,1,100000,1,-8
52,Naval War,1,155,Chile,1,1865,9,25,1866,5,9,-8,-8,-8,-8,-8,-8,-8,2,1,100,1,-8
52,Naval War,1,135,Peru,1,1866,1,14,1866,5,9,-8,-8,-8,-8,-8,-8,-8,2,1,600,1,-8
52,Naval War,1,230,Spain,2,1865,9,25,1866,5,9,-8,-8,-8,-8,-8,-8,-8,1,1,300,2,-8
55,Seven Weeks,1,325,Italy,1,1866,6,20,1866,7,26,-8,-8,-8,-8,-8,-8,-8,2,2,4000,1,-8
55,Seven Weeks,1,275,Hesse Grand Ducal,2,1866,6,15,1866,7,26,-8,-8,-8,-8,-8,-8,-8,2,2,100,2,-8
55,Seven Weeks,1,271,Wuerttemburg,2,1866,6,15,1866,7,26,-8,-8,-8,-8,-8,-8,-8,2,2,100,2,-8
55,Seven Weeks,1,245,Bavaria,2,1866,6,15,1866,7,26,-8,-8,-8,-8,-8,-8,-8,2,2,500,2,-8
55,Seven Weeks,1,300,Austria,2,1866,6,15,1866,7,26,-8,-8,-8,-8,-8,-8,-8,2,2,28000,2,-8
55,Seven Weeks,1,255,Germany,1,1866,6,15,1866,7,26,-8,-8,-8,-8,-8,-8,-8,1,2,10000,1,-8
55,Seven Weeks,1,280,Mecklenburg Schwerin,1,1866,6,15,1866,7,26,-8,-8,-8,-8,-8,-8,-8,2,2,100,1,-8
55,Seven Weeks,1,273,Hesse Electoral,2,1866,6,15,1866,7,26,-8,-8,-8,-8,-8,-8,-8,2,2,100,2,-8
55,Seven Weeks,1,269,Saxony,2,1866,6,15,1866,7,26,-8,-8,-8,-8,-8,-8,-8,2,2,600,2,-8
55,Seven Weeks,1,267,Baden,2,1866,6,15,1866,7,26,-8,-8,-8,-8,-8,-8,-8,2,2,100,2,-8
55,Seven Weeks,1,240,Hanover,2,1866,6,15,1866,6,29,-8,-8,-8,-8,-8,-8,-8,2,2,500,2,-8
58,Franco-Prussian,1,271,Wuerttemburg,1,1870,7,19,1870,11,25,-8,-8,-8,-8,-8,-8,-8,2,2,976,1,-8
58,Franco-Prussian,1,267,Baden,1,1870,7,19,1870,11,22,-8,-8,-8,-8,-8,-8,-8,2,2,956,1,-8
58,Franco-Prussian,1,255,Germany,1,1870,7,19,1871,2,26,-8,-8,-8,-8,-8,-8,-8,2,2,44781,1,-8
58,Franco-Prussian,1,245,Bavaria,1,1870,7,19,1870,11,15,-8,-8,-8,-8,-8,-8,-8,2,2,5600,1,-8
58,Franco-Prussian,1,220,France,2,1870,7,19,1871,2,26,-8,-8,-8,-8,-8,-8,-8,1,2,152000,2,-8
60,First Central American,1,90,Guatemala,1,1876,3,27,1876,4,25,-8,-8,-8,-8,-8,-8,-8,1,1,2000,1,-8
60,First Central American,1,92,El Salvador,2,1876,3,27,1876,4,25,-8,-8,-8,-8,-8,-8,-8,2,1,2000,2,-8
61,Second Russo-Turkish,1,640,Turkey,2,1877,4,24,1878,1,31,-8,-8,-8,-8,-8,-8,373,2,11,165000,2,-8
61,Second Russo-Turkish,1,365,Russia,1,1877,4,24,1878,1,31,-8,-8,-8,-8,-8,-8,373,1,11,120000,1,-8
64,War of the Pacific,1,155,Chile,1,1879,2,14,1883,12,11,-8,-8,-8,-8,-8,-8,-8,1,1,3276,1,-8
64,War of the Pacific,1,135,Peru,2,1879,4,5,1883,10,23,-8,-8,-8,-8,-8,-8,-8,2,1,9672,2,-8
64,War of the Pacific,1,145,Bolivia,2,1879,2,14,1883,12,11,-8,-8,-8,-8,-8,-8,-8,2,1,920,2,-8
65,Conquest of Egypt,1,651,Egypt,2,1882,7,11,1882,9,15,-8,-8,-8,-8,-8,-8,-8,2,6,10000,2,-8
65,Conquest of Egypt,1,200,United Kingdom,1,1882,7,11,1882,9,15,-8,-8,-8,-8,-8,-8,-8,1,6,79,1,-8
67,Sino-French,1,220,France,1,1884,6,15,1885,6,9,-8,-8,-8,-8,-8,-8,385,1,7,2100,1,-8
67,Sino-French,1,710,China,2,1884,6,15,1885,6,9,-8,-8,-8,-8,-8,-8,385,2,7,10000,2,-8
70,Second Central American,1,92,El Salvador,1,1885,3,28,1885,4,15,-8,-8,-8,-8,-8,-8,-8,2,1,200,1,-8
70,Second Central American,1,90,Guatemala,2,1885,3,28,1885,4,15,-8,-8,-8,-8,-8,-8,-8,1,1,800,2,-8
73,First Sino-Japanese,1,710,China,2,1894,7,25,1895,3,30,-8,-8,-8,-8,-8,-8,-8,2,7,10000,2,-8
73,First Sino-Japanese,1,740,Japan,1,1894,7,25,1895,3,30,-8,-8,-8,-8,-8,-8,-8,1,7,5000,1,-8
76,Greco-Turkish,1,350,Greece,2,1897,2,15,1897,5,19,-8,-8,-8,-8,-8,-8,631,1,2,600,2,-8
76,Greco-Turkish,1,640,Turkey,1,1897,2,15,1897,5,19,-8,-8,-8,-8,-8,-8,631,2,2,1400,1,-8
79,Spanish-American,1,230,Spain,2,1898,4,22,1898,8,12,-8,-8,-8,-8,-8,-8,"404, 410",2,13,775,2,-8
79,Spanish-American,1,2,United States of America,1,1898,4,22,1898,8,12,-8,-8,-8,-8,-8,-8,"404, 410",1,13,2910,1,-8
82,Boxer Rebellion,1,365,Russia,1,1900,6,17,1900,8,14,-8,-8,-8,-8,-8,-8,-8,1,7,302,1,-8
82,Boxer Rebellion,1,740,Japan,1,1900,6,17,1900,8,14,-8,-8,-8,-8,-8,-8,-8,1,7,622,1,-8
82,Boxer Rebellion,1,2,United States of America,1,1900,6,17,1900,8,14,-8,-8,-8,-8,-8,-8,-8,1,7,21,1,-8
82,Boxer Rebellion,1,710,China,2,1900,6,17,1900,8,14,-8,-8,-8,-8,-8,-8,-8,2,7,2000,2,-8
82,Boxer Rebellion,1,200,United Kingdom,1,1900,6,17,1900,8,14,-8,-8,-8,-8,-8,-8,-8,1,7,34,1,-8
82,Boxer Rebellion,1,220,France,1,1900,6,17,1900,8,14,-8,-8,-8,-8,-8,-8,-8,1,7,24,1,-8
83,Sino-Russian,1,365,Russia,1,1900,7,17,1900,10,10,-8,-8,-8,-8,-8,-8,-8,1,7,242,1,-8
83,Sino-Russian,1,710,China,2,1900,7,17,1900,10,10,-8,-8,-8,-8,-8,-8,-8,2,7,3758,2,-8
85,Russo-Japanese,1,740,Japan,1,1904,2,8,1905,9,15,-8,-8,-8,-8,-8,-8,-8,1,7,80378,1,-8
85,Russo-Japanese,1,365,Russia,2,1904,2,8,1905,9,15,-8,-8,-8,-8,-8,-8,-8,2,7,71453,2,-8
88,Third Central American,1,91,Honduras,2,1906,5,27,1906,7,20,-8,-8,-8,-8,-8,-8,-8,2,1,300,2,-8
88,Third Central American,1,92,El Salvador,2,1906,5,27,1906,7,20,-8,-8,-8,-8,-8,-8,-8,2,1,300,2,-8
88,Third Central American,1,90,Guatemala,1,1906,5,27,1906,7,20,-8,-8,-8,-8,-8,-8,-8,1,1,400,1,-8
91,Fourth Central American,1,93,Nicaragua,1,1907,2,19,1907,4,23,-8,-8,-8,-8,-8,-8,-8,1,1,400,1,-8
91,Fourth Central American,1,92,El Salvador,2,1907,2,19,1907,4,23,-8,-8,-8,-8,-8,-8,-8,2,1,300,2,-8
91,Fourth Central American,1,91,Honduras,2,1907,2,19,1907,4,23,-8,-8,-8,-8,-8,-8,-8,2,1,300,2,-8
94,Second Spanish-Moroccan,1,230,Spain,1,1909,7,7,1910,3,23,-8,-8,-8,-8,-8,-8,-8,1,6,2000,1,-8
94,Second Spanish-Moroccan,1,600,Morocco,2,1909,7,7,1910,3,23,-8,-8,-8,-8,-8,-8,-8,2,6,8000,2,-8
97,Italian-Turkish,1,325,Italy,1,1911,9,29,1912,10,18,-8,-8,-8,-8,-8,-8,-8,1,6,6000,1,-8
97,Italian-Turkish,1,640,Turkey,2,1911,9,29,1912,10,18,-8,-8,-8,-8,-8,-8,-8,2,6,14000,2,-8
100,First Balkan,1,640,Turkey,2,1912,10,17,1913,4,19,-8,-8,-8,-8,-8,-8,650,2,11,30000,2,-8
100,First Balkan,1,350,Greece,1,1912,10,17,1913,4,19,-8,-8,-8,-8,-8,-8,650,2,11,5000,1,-8
100,First Balkan,1,355,Bulgaria,1,1912,10,17,1912,12,3,1913,2,3,1913,4,19,650,2,2,32000,1,-8
100,First Balkan,1,345,Yugoslavia,1,1912,10,17,1912,12,3,1913,2,3,1913,4,19,650,1,11,15000,1,-8
103,Second Balkan,1,640,Turkey,1,1913,7,15,1913,7,30,-8,-8,-8,-8,-8,-8,-8,2,2,20000,1,-8
103,Second Balkan,1,345,Yugoslavia,1,1913,6,30,1913,7,30,-8,-8,-8,-8,-8,-8,-8,2,2,18500,1,-8
103,Second Balkan,1,350,Greece,1,1913,6,30,1913,7,30,-8,-8,-8,-8,-8,-8,-8,2,2,2500,1,-8
103,Second Balkan,1,355,Bulgaria,2,1913,6,30,1913,7,30,-8,-8,-8,-8,-8,-8,-8,1,2,18000,2,-8
103,Second Balkan,1,360,Romania,1,1913,7,11,1913,7,30,-8,-8,-8,-8,-8,-8,-8,2,2,1500,1,-8
106,World War I,1,345,Yugoslavia,1,1914,7,29,1918,11,11,-8,-8,-8,-8,-8,-8,-8,2,2,70000,1,-8
106,World War I,1,365,Russia,1,1914,8,1,1917,12,5,-8,-8,-8,-8,-8,-8,-8,2,11,1700000,1,-8
106,World War I,1,355,Bulgaria,2,1915,10,12,1918,9,29,-8,-8,-8,-8,-8,-8,-8,2,2,87500,2,-8
106,World War I,1,200,United Kingdom,1,1914,8,5,1918,11,11,-8,-8,-8,-8,-8,-8,-8,2,15,908371,1,-8
106,World War I,1,740,Japan,1,1914,8,23,1918,11,11,-8,-8,-8,-8,-8,-8,-8,2,7,300,1,-8
106,World War I,1,235,Portugal,1,1916,3,1,1918,11,11,-8,-8,-8,-8,-8,-8,-8,2,2,7222,1,-8
106,World War I,1,640,Turkey,2,1914,10,28,1918,10,30,-8,-8,-8,-8,-8,-8,-8,2,6,325000,2,-8
106,World War I,1,211,Belgium,1,1914,8,4,1918,11,11,-8,-8,-8,-8,-8,-8,-8,2,2,13716,1,-8
106,World War I,1,255,Germany,2,1914,8,1,1918,11,11,-8,-8,-8,-8,-8,-8,-8,2,15,1773700,2,-8
106,World War I,1,350,Greece,1,1917,6,29,1918,11,11,-8,-8,-8,-8,-8,-8,-8,2,2,5000,1,-8
106,World War I,1,360,Romania,1,1916,8,27,1917,12,9,-8,-8,-8,-8,-8,-8,-8,2,2,335706,1,-8
106,World War I,1,300,Austria-Hungary,2,1914,7,29,1918,11,3,-8,-8,-8,-8,-8,-8,-8,1,2,1200000,2,-8
106,World War I,1,220,France,1,1914,8,3,1918,11,11,-8,-8,-8,-8,-8,-8,-8,2,14,1385000,1,-8
106,World War I,1,325,Italy,1,1915,5,23,1918,11,11,-8,-8,-8,-8,-8,-8,-8,2,2,650000,1,-8
106,World War I,1,2,United States of America,1,1917,4,17,1918,11,11,-8,-8,-8,-8,-8,-8,-8,2,2,116516,1,-8
107,Estonian Liberation,1,366,Estonia,1,1918,11,22,1920,1,3,-8,-8,-8,-8,-8,-8,-8,2,2,3600,1,-8
107,Estonian Liberation,1,375,Finland,1,1918,12,30,1920,1,3,-8,-8,-8,-8,-8,-8,-8,2,2,150,1,-8
107,Estonian Liberation,1,365,Russia,2,1918,11,22,1920,1,3,-8,-8,-8,-8,-8,-8,-8,1,2,8000,2,-8
108,Latvian Liberation,1,255,Germany,1,1918,12,7,1919,4,15,-8,-8,-8,-8,-8,-8,-8,2,2,450,8,-8
108,Latvian Liberation,1,365,Russia,2,1918,12,2,1920,2,1,-8,-8,-8,-8,-8,-8,-8,1,2,8000,2,-8
108,Latvian Liberation,1,255,Germany,2,1919,4,16,1919,7,13,-8,-8,-8,-8,-8,-8,-8,2,2,750,2,-8
108,Latvian Liberation,1,366,Estonia,1,1919,1,1,1920,1,3,-8,-8,-8,-8,-8,-8,-8,2,2,1000,1,-8
108,Latvian Liberation,1,367,Latvia,1,1918,12,2,1920,2,1,-8,-8,-8,-8,-8,-8,-8,2,2,3046,1,-8
109,Russo-Polish,1,365,Russia,2,1919,2,14,1920,10,18,-8,-8,-8,-8,-8,-8,681,1,2,60000,2,-8
109,Russo-Polish,1,290,Poland,1,1919,2,14,1920,10,18,-8,-8,-8,-8,-8,-8,681,2,2,40000,1,-8
112,Hungarian Adversaries,1,310,Hungary,2,1919,4,16,1919,8,4,-8,-8,-8,-8,-8,-8,-8,2,2,6000,2,-8
112,Hungarian Adversaries,1,315,Czechoslovakia,1,1919,4,26,1919,8,4,-8,-8,-8,-8,-8,-8,-8,2,2,2000,1,-8
112,Hungarian Adversaries,1,360,Romania,1,1919,4,16,1919,8,4,-8,-8,-8,-8,-8,-8,-8,1,2,3000,1,-8
115,Second Greco-Turkish,1,640,Turkey,1,1919,5,5,1922,10,11,-8,-8,-8,-8,-8,-8,-8,2,11,20000,1,-8
115,Second Greco-Turkish,1,350,Greece,2,1919,5,5,1922,10,11,-8,-8,-8,-8,-8,-8,-8,1,11,30000,2,-8
116,Franco-Turkish,1,640,Turkey,2,1919,11,1,1921,10,20,-8,-8,-8,-8,-8,-8,-8,2,6,35000,3,-8
116,Franco-Turkish,1,220,France,1,1919,11,1,1921,10,20,-8,-8,-8,-8,-8,-8,-8,1,6,5000,3,-8
117,Lithuanian-Polish,1,368,Lithuania,2,1920,7,15,1920,12,1,-8,-8,-8,-8,-8,-8,-8,2,2,500,2,-8
117,Lithuanian-Polish,1,290,Poland,1,1920,7,15,1920,12,1,-8,-8,-8,-8,-8,-8,-8,1,2,500,1,-8
118,Manchurian,1,365,USSR,1,1929,8,17,1929,12,3,-8,-8,-8,-8,-8,-8,-8,1,7,200,1,-8
118,Manchurian,1,710,China,2,1929,8,17,1929,12,3,-8,-8,-8,-8,-8,-8,-8,2,7,3000,2,-8
121,Second Sino-Japanese,1,740,Japan,1,1931,12,19,1933,5,22,-8,-8,-8,-8,-8,-8,-8,1,7,10000,1,-8
121,Second Sino-Japanese,1,710,China,2,1931,12,19,1933,5,22,-8,-8,-8,-8,-8,-8,-8,2,7,50000,2,-8
124,Chaco,1,145,Bolivia,2,1932,6,15,1935,6,12,-8,-8,-8,-8,-8,-8,-8,1,1,56661,2,-8
124,Chaco,1,150,Paraguay,1,1932,6,15,1935,6,12,-8,-8,-8,-8,-8,-8,-8,2,1,36000,1,-8
125,Saudi-Yemeni,1,670,Saudi Arabia,1,1934,3,20,1934,5,13,-8,-8,-8,-8,-8,-8,-8,1,6,100,1,-8
125,Saudi-Yemeni,1,678,Yemen Arab Republic,2,1934,3,20,1934,5,13,-8,-8,-8,-8,-8,-8,-8,2,6,2000,2,-8
127,Conquest of Ethiopia,1,325,Italy,1,1935,10,3,1936,5,9,-8,-8,-8,-8,-8,-8,-8,1,4,4000,1,-8
127,Conquest of Ethiopia,1,530,Ethiopia,2,1935,10,3,1936,5,9,-8,-8,-8,-8,-8,-8,-8,2,4,16000,2,-8
130,Third Sino-Japanese,1,710,China,2,1937,7,7,1941,12,6,-8,-8,-8,-8,-8,-8,-8,2,7,750000,2,-8
130,Third Sino-Japanese,1,740,Japan,1,1937,7,7,1941,12,6,-8,-8,-8,-8,-8,-8,-8,1,7,250000,1,-8
133,Changkufeng,1,365,USSR,2,1938,7,29,1938,8,11,-8,-8,-8,-8,-8,-8,-8,2,7,1200,1,-8
133,Changkufeng,1,740,Japan,1,1938,7,29,1938,8,11,-8,-8,-8,-8,-8,-8,-8,1,7,526,2,-8
136,Nomonhan,1,365,USSR,1,1939,5,11,1939,9,16,-8,-8,-8,-8,-8,-8,-8,2,7,5000,1,-8
136,Nomonhan,1,712,Mongolia,1,1939,5,11,1939,9,16,-8,-8,-8,-8,-8,-8,-8,2,7,3000,1,-8
136,Nomonhan,1,740,Japan,2,1939,5,11,1939,9,16,-8,-8,-8,-8,-8,-8,-8,1,7,20000,2,-8
139,World War II,1,310,Hungary,2,1941,6,27,1945,1,20,-8,-8,-8,-8,-8,-8,-8,2,2,136000,2,-8
139,World War II,1,211,Belgium,1,1940,5,10,1940,5,28,-8,-8,-8,-8,-8,-8,-8,2,2,9600,1,-8
139,World War II,1,220,France,2,1940,7,7,1941,7,14,-8,-8,-8,-8,-8,-8,-8,2,2,2500,2,-8
139,World War II,1,345,Yugoslavia,1,1941,4,6,1941,4,17,-8,-8,-8,-8,-8,-8,-8,2,2,305000,1,-8
139,World War II,1,375,Finland,2,1941,6,25,1944,9,19,-8,-8,-8,-8,-8,-8,-8,2,2,65000,2,-8
139,World War II,1,385,Norway,1,1940,4,9,1940,6,9,-8,-8,-8,-8,-8,-8,-8,2,2,3000,1,-8
139,World War II,1,20,Canada,1,1939,9,10,1945,8,14,-8,-8,-8,-8,-8,-8,-8,2,2,41992,1,-8
139,World War II,1,2,United States of America,1,1941,12,7,1945,8,14,-8,-8,-8,-8,-8,-8,-8,2,19,405400,1,-8
139,World War II,1,200,United Kingdom,1,1939,9,3,1945,8,14,-8,-8,-8,-8,-8,-8,-8,2,15,418765,1,-8
139,World War II,1,210,Netherlands,1,1940,5,10,1940,5,14,-8,-8,-8,-8,-8,-8,-8,2,2,7900,1,-8
139,World War II,1,325,Italy,2,1940,6,10,1943,9,2,-8,-8,-8,-8,-8,-8,-8,2,14,174500,2,-8
139,World War II,1,360,Romania,1,1944,9,9,1945,5,7,-8,-8,-8,-8,-8,-8,-8,2,2,10000,1,-8
139,World War II,1,360,Romania,2,1941,6,22,1944,8,23,-8,-8,-8,-8,-8,-8,-8,2,2,290000,2,-8
139,World War II,1,355,Bulgaria,2,1941,12,13,1944,9,8,-8,-8,-8,-8,-8,-8,-8,2,2,9000,2,-8
139,World War II,1,355,Bulgaria,1,1944,9,9,1945,5,7,-8,-8,-8,-8,-8,-8,-8,2,2,1000,1,-8
139,World War II,1,350,Greece,1,1940,10,25,1941,4,23,-8,-8,-8,-8,-8,-8,-8,2,2,18300,1,-8
139,World War II,1,140,Brazil,1,1944,7,6,1945,5,7,-8,-8,-8,-8,-8,-8,-8,2,2,1000,1,-8
139,World War II,1,325,Italy,1,1943,10,18,1945,5,7,-8,-8,-8,-8,-8,-8,-8,2,14,52400,1,-8
139,World War II,1,900,Australia,1,1939,9,3,1945,8,14,-8,-8,-8,-8,-8,-8,-8,2,16,33826,1,-8
139,World War II,1,920,New Zealand,1,1939,9,3,1945,8,14,-8,-8,-8,-8,-8,-8,-8,2,16,12200,1,-8
139,World War II,1,365,USSR,1,1941,6,22,1945,5,7,1945,8,8,1945,8,14,-8,2,12,7500000,1,-8
139,World War II,1,255,Germany,2,1939,9,1,1945,5,7,-8,-8,-8,-8,-8,-8,-8,1,14,3500000,2,-8
139,World War II,1,290,Poland,1,1939,9,1,1939,9,27,-8,-8,-8,-8,-8,-8,-8,2,2,320000,1,-8
139,World War II,1,220,France,1,1939,9,3,1940,6,22,1944,10,23,1945,8,14,-8,2,2,210824,1,-8
139,World War II,1,740,Japan,2,1941,12,7,1945,8,14,-8,-8,-8,-8,-8,-8,-8,2,17,1740000,2,-8
139,World War II,1,712,Mongolia,1,1945,8,10,1945,8,14,-8,-8,-8,-8,-8,-8,-8,2,7,3000,1,-8
139,World War II,1,710,China,1,1941,12,7,1945,8,14,-8,-8,-8,-8,-8,-8,-8,2,7,1350000,1,-8
139,World War II,1,560,South Africa,1,1939,9,6,1945,8,14,-8,-8,-8,-8,-8,-8,-8,2,4,8700,1,-8
139,World War II,1,530,Ethiopia,1,1941,1,24,1941,7,3,-8,-8,-8,-8,-8,-8,-8,2,4,5000,1,-8
142,Russo-Finnish,1,375,Finland,2,1939,11,30,1940,3,12,-8,-8,-8,-8,-8,-8,-8,2,2,24923,2,-8
142,Russo-Finnish,1,365,USSR,1,1939,11,30,1940,3,12,-8,-8,-8,-8,-8,-8,-8,1,2,126875,1,-8
145,Franco-Thai,1,220,France,2,1940,12,1,1941,1,28,-8,-8,-8,-8,-8,-8,-8,2,7,700,2,-8
145,Franco-Thai,1,800,Thailand,1,1940,12,1,1941,1,28,-8,-8,-8,-8,-8,-8,-8,1,7,700,1,-8
147,First Kashmir,1,750,India,1,1947,10,26,1949,1,1,-8,-8,-8,-8,-8,-8,-8,1,7,2500,6,-8
147,First Kashmir,1,770,Pakistan,2,1947,10,26,1949,1,1,-8,-8,-8,-8,-8,-8,-8,2,7,1000,6,-8
148,Arab-Israeli,1,666,Israel,1,1948,5,15,1948,7,18,1948,10,15,1949,1,7,1572,2,6,3000,1,-8
148,Arab-Israeli,1,651,Egypt,2,1948,5,15,1948,7,18,1948,10,15,1949,1,7,1572,2,6,2000,2,-8
148,Arab-Israeli,1,652,Syria,2,1948,5,15,1948,7,18,1948,10,15,1948,10,31,1572,2,6,1000,2,-8
148,Arab-Israeli,1,660,Lebanon,2,1948,5,15,1948,7,18,1948,10,15,1948,10,31,1572,2,6,500,2,-8
148,Arab-Israeli,1,663,Jordan,2,1948,5,15,1948,7,18,1948,10,15,1948,10,31,1572,1,6,1000,2,-8
148,Arab-Israeli,1,645,Iraq,2,1948,5,15,1948,7,18,1948,10,15,1948,10,31,1572,2,6,500,2,-8
151,Korean,1,710,China,2,1950,10,27,1953,7,27,-8,-8,-8,-8,-8,-8,-8,2,7,422612,6,-8
151,Korean,1,211,Belgium,1,1951,1,20,1953,7,27,-8,-8,-8,-8,-8,-8,-8,2,7,97,6,-8
151,Korean,1,20,Canada,1,1950,12,19,1953,7,27,-8,-8,-8,-8,-8,-8,-8,2,7,309,6,-8
151,Korean,1,100,Colombia,1,1951,6,6,1953,7,27,-8,-8,-8,-8,-8,-8,-8,2,7,140,6,-8
151,Korean,1,200,United Kingdom,1,1950,8,29,1953,7,27,-8,-8,-8,-8,-8,-8,-8,2,7,710,6,-8
151,Korean,1,210,Netherlands,1,1951,1,20,1953,7,27,-8,-8,-8,-8,-8,-8,-8,2,7,111,6,-8
151,Korean,1,350,Greece,1,1951,1,20,1953,7,27,-8,-8,-8,-8,-8,-8,-8,2,7,169,6,-8
151,Korean,1,220,France,1,1951,1,1,1953,7,27,-8,-8,-8,-8,-8,-8,-8,2,7,288,6,-8
151,Korean,1,640,Turkey,1,1950,10,18,1953,7,27,-8,-8,-8,-8,-8,-8,-8,2,7,717,6,-8
151,Korean,1,840,Philippines,1,1950,9,16,1953,7,27,-8,-8,-8,-8,-8,-8,-8,2,7,92,6,-8
151,Korean,1,800,Thailand,1,1951,1,20,1953,7,27,-8,-8,-8,-8,-8,-8,-8,2,7,114,6,-8
151,Korean,1,731,North Korea,2,1950,6,24,1953,7,27,-8,-8,-8,-8,-8,-8,-8,1,7,316579,6,-8
151,Korean,1,530,Ethiopia,1,1951,5,1,1953,7,27,-8,-8,-8,-8,-8,-8,-8,2,7,120,6,-8
151,Korean,1,900,Australia,1,1950,12,10,1953,7,27,-8,-8,-8,-8,-8,-8,-8,2,7,291,6,-8
151,Korean,1,732,South Korea,1,1950,6,24,1953,7,27,-8,-8,-8,-8,-8,-8,-8,2,7,113248,6,-8
151,Korean,1,2,United States of America,1,1950,6,27,1953,7,27,-8,-8,-8,-8,-8,-8,-8,2,7,54487,6,-8
153,Off-shore Islands,1,710,China,1,1954,9,3,1955,4,23,-8,-8,-8,-8,-8,-8,-8,1,7,1003,1,-8
153,Off-shore Islands,1,713,Taiwan,2,1954,9,3,1955,4,23,-8,-8,-8,-8,-8,-8,-8,2,7,1367,2,-8
155,Sinai War,1,220,France,1,1956,10,31,1956,11,6,-8,-8,-8,-8,-8,-8,-8,2,6,10,1,-8
155,Sinai War,1,666,Israel,1,1956,10,29,1956,11,6,-8,-8,-8,-8,-8,-8,-8,1,6,189,1,-8
155,Sinai War,1,651,Egypt,2,1956,10,29,1956,11,6,-8,-8,-8,-8,-8,-8,-8,2,6,3000,2,-8
155,Sinai War,1,200,United Kingdom,1,1956,10,31,1956,11,6,-8,-8,-8,-8,-8,-8,-8,2,6,22,1,-8
156,Soviet Invasion of Hungary,1,310,Hungary,2,1956,11,4,1956,11,14,-8,-8,-8,-8,-8,-8,-8,2,2,926,2,-8
156,Soviet Invasion of Hungary,1,365,USSR,1,1956,11,4,1956,11,14,-8,-8,-8,-8,-8,-8,-8,1,2,1500,1,-8
158,IfniWar,1,220,France,1,1958,2,10,1958,4,10,-8,-8,-8,-8,-8,-8,-8,2,6,0,1,-8
158,IfniWar,1,230,Spain,1,1957,11,21,1958,4,10,-8,-8,-8,-8,-8,-8,-8,2,6,122,1,-8
158,IfniWar,1,600,Morocco,2,1957,11,21,1958,4,10,-8,-8,-8,-8,-8,-8,-8,1,6,1000,2,-8
159,Taiwan Straits,1,710,China (PRC),1,1958,8,23,1958,11,23,-8,-8,-8,-8,-8,-8,-8,1,7,300,6,-8
159,Taiwan Straits,1,713,Taiwan (ROC),2,1958,8,23,1958,11,23,-8,-8,-8,-8,-8,-8,-8,2,7,1500,6,-8
160,Assam,1,750,India,2,1962,10,20,1962,11,22,-8,-8,-8,-8,-8,-8,-8,2,7,1353,2,-8
160,Assam,1,710,China (PRC),1,1962,10,20,1962,11,22,-8,-8,-8,-8,-8,-8,-8,1,7,500,1,-8
163,"Vietnam War, Phase 2",1,2,United States of America,2,1965,2,7,1973,1,27,-8,-8,-8,-8,-8,-8,748,1,7,58153,2,-8
163,"Vietnam War, Phase 2",1,811,Cambodia,2,1970,3,1,1975,4,17,-8,-8,-8,-8,-8,-8,748,2,7,2500,2,-8
163,"Vietnam War, Phase 2",1,732,South Korea,2,1965,5,1,1973,1,28,-8,-8,-8,-8,-8,-8,748,2,7,4687,2,-8
163,"Vietnam War, Phase 2",1,840,Philippines,2,1966,10,1,1973,1,28,-8,-8,-8,-8,-8,-8,748,2,7,1000,2,-8
163,"Vietnam War, Phase 2",1,817,South Vietnam,2,1965,2,7,1975,4,30,-8,-8,-8,-8,-8,-8,748,2,7,254257,2,-8
163,"Vietnam War, Phase 2",1,816,Vietnam,1,1965,2,7,1975,4,30,-8,-8,-8,-8,-8,-8,748,2,7,700000,1,-8
163,"Vietnam War, Phase 2",1,800,Thailand,2,1967,10,1,1973,1,28,-8,-8,-8,-8,-8,-8,748,2,7,351,2,-8
163,"Vietnam War, Phase 2",1,900,Australia,2,1965,2,7,1972,12,20,-8,-8,-8,-8,-8,-8,748,2,7,494,2,-8
166,Second Kashmir,1,750,India,2,1965,8,5,1965,9,23,-8,-8,-8,-8,-8,-8,-8,2,7,3261,2,-8
166,Second Kashmir,1,770,Pakistan,1,1965,8,5,1965,9,23,-8,-8,-8,-8,-8,-8,-8,1,7,3800,1,-8
169,Six Day War,1,666,Israel,1,1967,6,5,1967,6,10,-8,-8,-8,-8,-8,-8,-8,1,6,1000,1,-8
169,Six Day War,1,651,Egypt,2,1967,6,5,1967,6,10,-8,-8,-8,-8,-8,-8,-8,2,6,10000,2,-8
169,Six Day War,1,663,Jordan,2,1967,6,5,1967,6,10,-8,-8,-8,-8,-8,-8,-8,2,6,6100,2,-8
169,Six Day War,1,652,Syria,2,1967,6,5,1967,6,10,-8,-8,-8,-8,-8,-8,-8,2,6,2500,2,-8
170,"Second Laotian, Phase 2",1,2,United States of America,2,1968,1,13,1973,4,17,-8,-8,-8,-8,-8,-8,756,2,7,375,2,-8
170,"Second Laotian, Phase 2",1,800,Thailand,2,1970,3,17,1973,4,17,-8,-8,-8,-8,-8,-8,756,2,7,-9,2,-8
170,"Second Laotian, Phase 2",1,812,Laos,2,1968,1,13,1973,4,17,-8,-8,-8,-8,-8,-8,756,2,7,11250,2,-8
170,"Second Laotian, Phase 2",1,816,Vietnam,1,1968,1,13,1973,4,17,-8,-8,-8,-8,-8,-8,756,1,7,2250,1,-8
172,War of Attrition,1,651,Egypt,2,1969,3,6,1970,8,7,-8,-8,-8,-8,-8,-8,-8,1,6,5000,6,-8
172,War of Attrition,1,666,Israel,1,1969,3,6,1970,8,7,-8,-8,-8,-8,-8,-8,-8,2,6,368,6,-8
175,Football War,1,91,Honduras,2,1969,7,14,1969,7,18,-8,-8,-8,-8,-8,-8,-8,2,1,1200,2,-8
175,Football War,1,92,El Salvador,1,1969,7,14,1969,7,18,-8,-8,-8,-8,-8,-8,-8,1,1,700,1,-8
176,Communist Coalition,1,816,Vietnam,1,1970,3,23,1971,7,2,-8,-8,-8,-8,-8,-8,-8,1,7,400,4,785
176,Communist Coalition,1,2,United States of America,2,1970,5,1,1971,7,2,-8,-8,-8,-8,-8,-8,-8,2,7,125,4,785
176,Communist Coalition,1,811,Cambodia,2,1970,3,23,1971,7,2,-8,-8,-8,-8,-8,-8,-8,2,7,5000,4,785
176,Communist Coalition,1,817,South Vietnam,2,1970,5,1,1971,7,2,-8,-8,-8,-8,-8,-8,-8,2,7,1000,4,785
178,Bangladesh,1,750,India,1,1971,12,3,1971,12,17,-8,-8,-8,-8,-8,-8,782,2,7,3241,1,-8
178,Bangladesh,1,770,Pakistan,2,1971,12,3,1971,12,17,-8,-8,-8,-8,-8,-8,782,1,7,7982,2,-8
181,Yom Kippur War,1,651,Egypt,2,1973,10,6,1973,10,24,-8,-8,-8,-8,-8,-8,-8,1,6,7700,2,-8
181,Yom Kippur War,1,670,Saudi Arabia,2,1973,10,10,1973,10,24,-8,-8,-8,-8,-8,-8,-8,2,6,100,2,-8
181,Yom Kippur War,1,666,Israel,1,1973,10,6,1973,10,24,-8,-8,-8,-8,-8,-8,-8,2,6,2838,1,-8
181,Yom Kippur War,1,663,Jordan,2,1973,10,10,1973,10,24,-8,-8,-8,-8,-8,-8,-8,2,6,23,2,-8
181,Yom Kippur War,1,652,Syria,2,1973,10,6,1973,10,24,-8,-8,-8,-8,-8,-8,-8,1,6,3500,2,-8
181,Yom Kippur War,1,645,Iraq,2,1973,10,6,1973,10,24,-8,-8,-8,-8,-8,-8,-8,2,6,278,2,-8
184,Turco-Cypriot,1,640,Turkey,1,1974,7,20,1974,7,29,1974,8,14,1974,8,16,-8,1,2,1000,1,-8
184,Turco-Cypriot,1,352,Cyprus,2,1974,7,20,1974,7,29,1974,8,14,1974,8,16,-8,2,2,500,2,-8
186,War over Angola,1,40,Cuba,1,1975,10,23,1976,2,12,-8,-8,-8,-8,-8,-8,1581,2,4,1500,4,804
186,War over Angola,1,560,South Africa,2,1975,10,23,1976,2,12,-8,-8,-8,-8,-8,-8,1581,1,4,100,4,804
186,War over Angola,1,490,Democratic Republic of the Congo,2,1975,10,23,1976,2,12,-8,-8,-8,-8,-8,-8,1581,2,4,100,4,804
186,War over Angola,1,540,Angola,1,1975,11,11,1976,2,12,-8,-8,-8,-8,-8,-8,1581,2,4,1000,4,804
187,"Second Ogaden War, Phase 2",1,530,Ethiopia,1,1977,7,23,1978,3,9,-8,-8,-8,-8,-8,-8,805,2,4,1800,4,808
187,"Second Ogaden War, Phase 2",1,40,Cuba,1,1977,11,23,1978,3,9,-8,-8,-8,-8,-8,-8,805,2,4,700,4,808
187,"Second Ogaden War, Phase 2",1,520,Somalia,2,1977,7,23,1978,3,9,-8,-8,-8,-8,-8,-8,805,1,4,8000,4,808
189,Vietnamese-Cambodian,1,816,Vietnam,1,1977,9,24,1979,1,8,-8,-8,-8,-8,-8,-8,-8,2,7,3000,4,475
189,Vietnamese-Cambodian,1,811,Cambodia,2,1977,9,24,1979,1,8,-8,-8,-8,-8,-8,-8,-8,1,7,5000,4,475
190,Ugandian-Tanzanian,1,500,Uganda,2,1978,10,28,1979,4,11,-8,-8,-8,-8,-8,-8,-8,1,4,1500,2,-8
190,Ugandian-Tanzanian,1,510,Tanzania,1,1978,10,28,1979,4,11,-8,-8,-8,-8,-8,-8,-8,2,4,1000,1,-8
190,Ugandian-Tanzanian,1,620,Libya,2,1979,2,1,1979,4,11,-8,-8,-8,-8,-8,-8,-8,2,4,500,2,-8
193,Sino-Vietnamese Punitive,1,710,China,1,1979,2,17,1979,3,16,-8,-8,-8,-8,-8,-8,-8,1,7,13000,1,-8
193,Sino-Vietnamese Punitive,1,816,Vietnam,2,1979,2,17,1979,3,16,-8,-8,-8,-8,-8,-8,-8,2,7,8000,2,-8
199,Iran-Iraq,1,645,Iraq,2,1980,9,22,1988,8,20,-8,-8,-8,-8,-8,-8,-8,1,6,500000,6,-8
199,Iran-Iraq,1,630,Iran,1,1980,9,22,1988,8,20,-8,-8,-8,-8,-8,-8,-8,2,6,750000,6,-8
202,Falkland Islands,1,200,United Kingdom,1,1982,3,25,1982,6,15,-8,-8,-8,-8,-8,-8,-8,2,1,255,1,-8
202,Falkland Islands,1,160,Argentina,2,1982,3,25,1982,6,15,-8,-8,-8,-8,-8,-8,-8,1,1,746,2,-8
205,War over Lebanon,1,666,Israel,1,1982,4,21,1982,9,15,-8,-8,-8,-8,-8,-8,-8,1,6,455,6,-8
205,War over Lebanon,1,652,Syria,2,1982,4,21,1982,9,15,-8,-8,-8,-8,-8,-8,-8,2,6,1200,6,-8
207,War over the Aouzou Strip,1,483,Chad,1,1986,11,15,1987,9,11,-8,-8,-8,-8,-8,-8,-8,1,18,1000,1,-8
207,War over the Aouzou Strip,1,620,Libya,2,1986,11,15,1987,9,11,-8,-8,-8,-8,-8,-8,-8,2,18,7000,2,-8
208,Sino-Vietnamese Border War,1,816,Vietnam,2,1987,1,5,1987,2,6,-8,-8,-8,-8,-8,-8,-8,2,7,2200,6,-8
208,Sino-Vietnamese Border War,1,710,China,1,1987,1,5,1987,2,6,-8,-8,-8,-8,-8,-8,-8,1,7,1800,6,-8
211,Gulf War,1,690,Kuwait,1,1990,8,2,1991,4,11,-8,-8,-8,-8,-8,-8,-8,2,6,1000,1,-8
211,Gulf War,1,2,United States of America,1,1991,1,16,1991,4,11,-8,-8,-8,-8,-8,-8,-8,2,6,376,1,-8
211,Gulf War,1,20,Canada,1,1991,1,16,1991,4,11,-8,-8,-8,-8,-8,-8,-8,2,6,0,1,-8
211,Gulf War,1,200,United Kingdom,1,1991,1,16,1991,4,11,-8,-8,-8,-8,-8,-8,-8,2,6,24,1,-8
211,Gulf War,1,325,Italy,1,1991,1,16,1991,4,11,-8,-8,-8,-8,-8,-8,-8,2,6,0,1,-8
211,Gulf War,1,600,Morocco,1,1991,1,16,1991,4,11,-8,-8,-8,-8,-8,-8,-8,2,6,0,1,-8
211,Gulf War,1,645,Iraq,2,1990,8,2,1991,4,11,-8,-8,-8,-8,-8,-8,-8,1,6,40000,2,-8
211,Gulf War,1,651,Egypt,1,1991,1,16,1991,4,11,-8,-8,-8,-8,-8,-8,-8,2,6,14,1,-8
211,Gulf War,1,698,Oman,1,1991,1,16,1991,4,11,-8,-8,-8,-8,-8,-8,-8,2,6,0,1,-8
211,Gulf War,1,220,France,1,1991,1,16,1991,4,11,-8,-8,-8,-8,-8,-8,-8,2,6,2,1,-8
211,Gulf War,1,696,United Arab Emirates,1,1991,1,16,1991,4,11,-8,-8,-8,-8,-8,-8,-8,2,6,6,1,-8
211,Gulf War,1,694,Qatar,1,1991,1,16,1991,4,11,-8,-8,-8,-8,-8,-8,-8,2,6,0,1,-8
211,Gulf War,1,670,Saudi Arabia,1,1991,1,16,1991,4,11,-8,-8,-8,-8,-8,-8,-8,2,6,44,1,-8
211,Gulf War,1,652,Syria,1,1991,1,16,1991,4,11,-8,-8,-8,-8,-8,-8,-8,2,6,0,1,-8
215,Bosnian Independence,1,344,Croatia,1,1992,4,7,1992,5,13,-8,-8,-8,-8,-8,-8,-8,2,2,500,4,877
215,Bosnian Independence,1,346,Bosnia,1,1992,4,7,1992,5,13,-8,-8,-8,-8,-8,-8,-8,2,2,2850,4,877
215,Bosnian Independence,1,345,Yugoslavia,2,1992,4,7,1992,5,13,-8,-8,-8,-8,-8,-8,-8,1,2,1890,4,877
216,Azeri-Armenian,1,373,Azerbaijan,2,1993,2,6,1994,5,12,-8,-8,-8,-8,-8,-8,872,2,2,8500,2,-8
216,Azeri-Armenian,1,371,Armenia,1,1993,2,6,1994,5,12,-8,-8,-8,-8,-8,-8,872,1,2,5500,1,-8
217,Cenepa Valley,1,130,Ecuador,2,1995,1,9,1995,2,27,-8,-8,-8,-8,-8,-8,-8,1,1,550,3,-8
217,Cenepa Valley,1,135,Peru,1,1995,1,9,1995,2,27,-8,-8,-8,-8,-8,-8,-8,2,1,950,3,-8
219,Badme Border,1,531,Eritrea,1,1998,5,6,2000,12,12,-8,-8,-8,-8,-8,-8,-8,1,4,50000,6,-8
219,Badme Border,1,530,Ethiopia,2,1998,5,6,2000,12,12,-8,-8,-8,-8,-8,-8,-8,2,4,70000,6,-8
221,War for Kosovo,1,640,Turkey,1,1999,3,24,1999,6,10,-8,-8,-8,-8,-8,-8,900,1,2,0,1,-8
221,War for Kosovo,1,325,Italy,1,1999,3,24,1999,6,10,-8,-8,-8,-8,-8,-8,900,1,2,0,1,-8
221,War for Kosovo,1,200,United Kingdom,1,1999,3,24,1999,6,10,-8,-8,-8,-8,-8,-8,900,1,2,0,1,-8
221,War for Kosovo,1,2,United States of America,1,1999,3,24,1999,6,10,-8,-8,-8,-8,-8,-8,900,1,2,2,1,-8
221,War for Kosovo,1,210,Netherlands,1,1999,3,24,1999,6,10,-8,-8,-8,-8,-8,-8,900,1,2,0,1,-8
221,War for Kosovo,1,220,France,1,1999,3,24,1999,6,10,-8,-8,-8,-8,-8,-8,900,1,2,0,1,-8
221,War for Kosovo,1,345,Yugoslavia,2,1999,3,24,1999,6,10,-8,-8,-8,-8,-8,-8,900,2,2,5000,2,-8
221,War for Kosovo,1,255,Germany,1,1999,3,24,1999,6,10,-8,-8,-8,-8,-8,-8,900,1,2,0,1,-8
223,Kargil War,1,750,India,1,1999,5,8,1999,7,17,-8,-8,-8,-8,-8,-8,-8,2,7,474,1,-8
223,Kargil War,1,770,Pakistan,2,1999,5,8,1999,7,17,-8,-8,-8,-8,-8,-8,-8,1,7,698,2,-8
225,Invasion of Afghanistan,1,20,Canada,1,2001,11,15,2001,12,22,-8,-8,-8,-8,-8,-8,851,2,7,0,4,481
225,Invasion of Afghanistan,1,220,France,1,2001,10,21,2001,12,22,-8,-8,-8,-8,-8,-8,851,2,7,0,4,481
225,Invasion of Afghanistan,1,200,United Kingdom,1,2001,10,7,2001,12,22,-8,-8,-8,-8,-8,-8,851,1,7,0,4,481
225,Invasion of Afghanistan,1,2,United States of America,1,2001,10,7,2001,12,22,-8,-8,-8,-8,-8,-8,851,1,7,2,4,481
225,Invasion of Afghanistan,1,900,Australia,1,2001,10,17,2001,12,22,-8,-8,-8,-8,-8,-8,851,2,7,0,4,481
225,Invasion of Afghanistan,1,700,Afghanistan,2,2001,10,7,2001,12,22,-8,-8,-8,-8,-8,-8,851,2,7,4000,4,481
227,Invasion of Iraq,1,900,Australia,1,2003,3,19,2003,5,2,-8,-8,-8,-8,-8,-8,-8,1,6,0,4,482
227,Invasion of Iraq,1,200,United Kingdom,1,2003,3,19,2003,5,2,-8,-8,-8,-8,-8,-8,-8,1,6,33,4,482
227,Invasion of Iraq,1,2,United States of America,1,2003,3,19,2003,5,2,-8,-8,-8,-8,-8,-8,-8,1,6,140,4,482
227,Invasion of Iraq,1,645,Iraq,2,2003,3,19,2003,5,2,-8,-8,-8,-8,-8,-8,-8,2,6,7000,4,482
